0,DTAA/BJM0992,2,2,1,0,0,1,3,2,1,2,2,1,2,3,2,2,3,2,2,2,2,3,4,4,3,3,3,1,2,4,1,1,2,2,3,1,2,4,1,1,0,0,0,0,0,0,0,0,0
1,DTAA/CRC0996,3,3,2,1,2,2,2,2,2,3,3,2,1,1,2,3,0,0,4,3,1,1,3,3,3,3,1,1,1,1,1,1,1,2,1,0,3,3,1,2,0,0,0,0,0,0,0,0,0
2,DTAA/CLN0999,2,2,7,6,4,4,1,2,0,0,1,0,2,2,1,2,0,0,2,1,2,2,4,5,1,1,4,3,2,1,2,4,1,1,2,1,0,0,0,1,0,0,0,0,0,0,0,0,0
3,DTAA/JCC0998,1,1,3,2,4,4,4,5,1,1,2,1,0,1,1,1,1,0,2,2,3,4,2,2,2,2,2,1,0,1,0,0,2,2,1,0,1,2,1,1,0,0,0,0,0,0,0,0,0
4,DTAA/MCR0314,0,0,1,0,0,1,0,0,0,0,1,0,0,1,0,0,0,0,1,0,0,1,0,0,0,0,1,0,0,1,0,0,0,0,1,0,0,1,0,0,0,0,0,0,0,0,0,0,0
5,DTAA/IGC0415,0,0,1,0,0,1,0,0,0,0,1,0,0,1,0,0,0,0,1,0,0,1,0,0,0,0,1,0,0,1,0,0,0,0,1,0,0,1,0,0,0,0,0,0,0,0,0,0,0
6,DTAA/CBP0628,0,0,1,0,0,0,0,1,0,0,1,0,0,0,0,1,0,0,1,0,0,0,0,1,0,0,1,0,0,0,0,1,0,0,1,0,0,0,0,1,0,0,0,0,0,0,0,0,0
7,DTAA/AJS0917,0,0,1,0,0,1,0,0,0,0,1,0,0,1,0,0,0,0,1,0,0,1,0,0,0,0,1,0,0,1,0,0,0,0,1,0,0,1,0,0,0,0,0,0,0,0,0,0,0
8,DTAA/MBZ0932,0,0,1,0,0,1,0,0,0,0,1,0,0,1,0,0,0,0,1,0,0,1,0,0,0,0,1,0,0,1,0,0,0,0,1,0,0,1,0,0,0,0,0,0,0,0,0,0,0
9,DTAA/LSV0944,0,0,1,0,0,1,0,0,0,0,1,0,0,1,0,0,0,0,1,0,0,1,0,0,0,0,1,0,0,1,0,0,0,0,1,0,0,1,0,0,0,0,0,0,0,0,0,0,0
10,DTAA/OLR0984,0,0,1,0,0,1,0,0,0,0,1,0,0,1,0,0,0,0,1,0,0,1,0,0,0,0,1,0,0,1,0,0,0,0,1,0,0,1,0,0,0,0,0,0,0,0,0,0,0
11,DTAA/CSC0297,0,0,2,0,0,1,0,0,0,0,1,0,0,1,0,0,0,0,2,0,0,1,0,0,0,0,2,0,0,1,0,0,0,0,1,0,1,1,0,0,0,0,0,0,0,0,0,0,0
12,DTAA/NHH0566,0,0,2,0,0,1,0,0,0,0,2,0,0,1,0,0,0,0,1,0,0,1,1,0,0,1,2,0,0,1,0,0,0,0,1,0,0,1,0,0,0,0,0,0,0,0,0,0,0
13,DTAA/AKA0033,0,0,1,0,0,1,0,0,0,0,1,0,0,1,0,0,0,0,1,0,0,1,0,0,0,0,1,0,0,1,0,0,0,0,1,0,0,1,0,0,0,0,0,0,0,0,0,0,0
14,DTAA/MGF0743,0,0,1,0,0,1,0,0,0,0,1,0,0,1,0,0,0,0,1,0,0,1,0,0,0,0,1,0,0,1,0,0,0,0,1,0,0,1,0,0,0,0,0,0,0,0,0,0,0
15,DTAA/OAR0291,0,0,2,0,0,1,0,0,0,0,1,0,0,1,0,0,0,0,2,0,0,1,0,0,0,0,1,0,0,1,0,0,0,0,1,0,1,1,0,0,0,0,0,0,0,0,0,0,0
16,DTAA/TRB0414,0,0,1,0,1,1,0,0,0,0,2,0,1,2,0,0,0,0,2,0,0,1,0,0,0,0,1,0,1,1,0,0,0,0,2,0,0,1,0,0,0,0,0,0,0,0,0,0,0
17,DTAA/NJD0267,0,0,1,0,0,1,0,0,0,0,1,0,0,1,0,0,0,0,1,0,0,1,0,0,0,0,1,0,0,1,0,0,0,0,1,0,0,1,0,0,0,0,0,0,0,0,0,0,0
18,DTAA/SJH0907,0,0,1,0,0,1,0,0,0,0,1,0,0,1,0,0,0,0,1,0,0,1,0,0,0,0,1,0,0,1,0,0,0,0,1,0,0,1,0,0,0,0,0,0,0,0,0,0,0
19,DTAA/GHC0041,0,0,2,0,0,0,0,1,0,0,1,0,1,0,0,1,0,0,1,0,1,0,0,1,0,0,1,0,1,0,0,1,0,0,1,0,1,0,0,1,0,0,0,0,0,0,0,0,0
20,DTAA/ARS0993,0,0,3,2,0,1,1,1,3,3,4,3,1,1,3,4,0,0,1,0,1,2,1,1,0,0,2,1,3,4,1,1,0,0,2,1,3,3,3,4,0,0,0,0,0,0,0,0,0
21,DTAA/XHN0227,0,0,1,0,0,1,0,0,0,0,1,0,0,1,0,0,0,0,1,0,0,1,0,0,0,0,1,0,0,1,0,0,0,0,1,0,0,1,0,0,0,0,0,0,0,0,0,0,0
22,DTAA/HTG0554,0,0,1,0,0,1,0,0,0,0,1,0,0,0,0,1,0,0,1,0,0,0,0,1,0,0,1,0,0,0,0,1,0,0,1,0,0,0,0,1,0,0,0,0,0,0,0,0,0
23,DTAA/BCV0109,0,0,1,0,0,1,0,0,0,0,1,0,0,1,0,0,0,0,1,0,0,1,0,0,0,0,1,0,0,1,0,0,0,0,1,0,0,1,0,0,0,0,0,0,0,0,0,0,0
24,DTAA/CNT0514,0,0,1,0,0,1,0,0,0,0,1,0,0,1,0,0,0,0,1,0,0,1,0,0,0,0,1,0,0,1,0,0,0,0,1,0,0,1,0,0,0,0,0,0,0,0,0,0,0
25,DTAA/SXH0895,0,0,1,0,0,1,0,0,0,0,1,0,0,1,0,0,0,0,1,0,0,1,0,0,0,0,1,0,0,1,0,0,0,0,1,0,0,1,0,0,0,0,0,0,0,0,0,0,0
26,DTAA/EGM0401,0,0,1,0,1,0,0,1,0,0,7,0,6,0,0,1,0,0,2,0,0,1,0,0,0,0,1,0,1,1,0,1,0,0,2,0,0,1,0,0,0,0,0,0,0,0,0,0,1
27,DTAA/BCG0692,0,0,1,0,0,1,0,0,0,0,1,0,0,1,0,0,0,0,1,0,0,1,0,0,0,0,1,0,0,1,0,0,0,0,1,0,0,1,0,0,0,0,0,0,0,0,0,0,0
28,DTAA/DRP0428,0,0,1,0,0,1,0,0,0,0,1,0,1,1,0,0,0,0,1,0,0,1,0,0,0,0,2,0,0,1,0,0,0,0,3,1,0,1,0,0,0,0,0,0,0,0,0,0,0
29,DTAA/ICF0629,0,0,1,0,0,1,0,0,0,0,1,0,0,1,0,0,0,0,1,0,0,1,0,0,0,0,1,0,0,1,0,0,0,0,1,0,0,1,0,0,0,0,0,0,0,0,0,0,0
30,DTAA/NRM0093,0,0,1,0,0,1,0,0,0,0,1,0,0,1,0,0,0,0,1,0,0,1,0,0,0,0,1,0,0,1,0,0,0,0,1,0,0,1,0,0,0,0,0,0,0,0,0,0,0
31,DTAA/CAR0015,0,0,2,0,0,1,0,0,0,0,2,0,0,1,0,0,0,0,2,0,0,1,0,0,0,0,1,0,1,1,0,0,0,0,2,0,0,1,0,0,0,0,0,0,0,0,0,0,0
32,DTAA/BFO0438,0,0,1,0,0,1,0,0,0,0,1,0,0,1,0,0,0,0,1,0,0,1,0,0,0,0,1,0,0,1,0,0,0,0,1,0,0,1,0,0,0,0,0,0,0,0,0,0,0
33,DTAA/ALW0694,0,0,2,0,0,1,0,0,0,0,1,0,1,1,0,0,0,0,2,0,0,1,0,0,0,0,1,0,1,1,0,0,0,0,1,0,1,1,0,0,0,0,0,0,0,0,0,0,0
34,DTAA/SSW0815,0,0,1,0,0,1,0,0,0,0,1,0,0,1,0,0,0,0,1,0,0,1,0,0,0,0,1,0,0,1,0,0,0,0,1,0,0,1,0,0,0,0,0,0,0,0,0,0,0
35,DTAA/TFS0216,0,0,1,0,0,1,0,0,0,0,1,0,0,1,0,0,0,0,1,0,0,1,0,0,0,0,1,0,0,1,0,0,0,0,1,0,0,1,0,0,0,0,0,0,0,0,0,0,0
36,DTAA/JHN0241,0,0,2,0,0,1,0,0,0,0,1,0,0,1,0,0,0,0,2,0,0,1,0,0,0,0,1,0,0,1,0,0,0,0,2,0,0,1,0,0,0,0,0,0,0,0,0,0,0
37,DTAA/EFS0114,0,0,1,0,0,0,0,1,0,0,1,0,0,0,0,1,0,0,1,0,0,0,0,1,0,0,1,0,0,1,0,0,0,0,1,0,0,1,0,0,0,0,0,0,0,0,0,0,0
38,DTAA/PID0096,0,0,1,0,1,1,0,0,0,0,1,0,1,1,0,0,0,0,2,0,0,1,0,0,0,0,2,0,0,1,0,0,0,0,1,0,1,1,0,0,0,0,0,0,0,0,0,0,0
39,DTAA/RBY0065,0,0,1,0,1,2,0,0,0,0,1,0,0,1,0,0,0,0,1,0,0,1,0,0,0,0,1,0,0,1,0,0,0,0,1,0,0,1,0,0,0,0,0,0,0,0,0,0,0
40,DTAA/JFA0081,0,0,1,0,0,1,0,0,0,0,1,0,0,1,0,0,0,0,1,0,0,1,0,0,0,0,1,0,0,1,0,0,0,0,1,0,0,1,0,0,0,0,0,0,0,0,0,0,0
41,DTAA/PUH0847,0,0,1,0,0,1,0,0,0,0,1,0,0,1,0,0,0,0,1,0,0,1,0,0,0,0,1,0,0,1,0,0,0,0,1,0,0,1,0,0,1,1,0,0,0,0,0,0,0
42,DTAA/OZD0789,0,0,1,0,0,1,0,0,0,0,1,0,0,1,0,0,0,0,1,0,0,1,0,0,0,0,1,0,0,1,0,0,0,0,1,0,0,1,0,0,0,0,0,0,0,0,0,0,0
43,DTAA/MND0048,0,0,1,0,1,1,0,0,0,0,1,0,1,1,0,0,0,0,2,0,0,1,0,0,0,0,2,0,0,1,0,0,0,0,1,0,1,1,0,0,0,0,0,0,0,0,0,0,0
44,DTAA/OBF0564,0,0,1,0,0,0,0,1,0,0,1,0,0,0,0,1,0,0,1,0,0,0,0,1,0,0,1,0,0,0,0,1,0,0,1,0,0,0,0,1,0,0,0,0,0,0,0,0,0
45,DTAA/RER0237,0,0,2,0,0,1,0,0,0,0,1,0,1,1,0,0,0,0,2,0,0,1,0,0,0,0,1,0,1,1,0,0,0,0,2,0,0,1,0,0,0,0,0,0,0,0,0,0,0
46,DTAA/OSS0859,0,0,1,0,0,1,0,0,0,0,1,0,0,1,0,0,0,0,2,0,0,1,0,0,0,0,1,0,1,1,0,0,0,0,2,0,0,1,0,0,0,0,0,0,0,0,0,0,0
47,DTAA/DBM0698,0,0,1,0,1,1,0,0,0,0,1,0,0,1,0,0,0,0,2,0,0,1,0,0,0,0,1,0,0,1,0,0,0,0,1,0,1,1,0,0,0,0,0,0,0,0,0,0,0
48,DTAA/GSL0697,0,0,1,0,0,1,0,0,0,0,1,0,0,1,0,0,0,0,1,0,0,1,0,0,0,0,1,0,0,1,0,0,0,0,1,0,1,2,0,0,0,0,0,0,0,0,0,0,0
49,DTAA/JGC0775,0,0,2,0,0,0,0,1,0,0,1,0,1,0,0,1,0,0,2,0,0,0,0,1,0,0,1,0,1,0,0,1,0,0,2,0,0,0,0,1,0,0,0,0,0,0,0,0,0
50,DTAA/DBA0367,0,0,1,0,0,1,0,0,0,0,1,0,0,1,0,0,0,0,1,0,0,1,0,0,0,0,1,0,0,1,0,0,0,0,1,0,0,1,0,0,0,0,0,0,0,0,0,0,0
51,DTAA/HOO0224,0,0,1,0,0,1,0,0,0,0,1,0,0,1,0,0,0,0,1,0,0,1,0,0,0,0,1,0,0,1,0,0,0,0,1,0,0,1,0,0,0,0,0,0,0,0,0,0,0
52,DTAA/DDJ0535,0,0,1,0,0,1,0,0,0,0,1,0,0,1,0,0,0,0,1,0,0,1,0,0,0,0,1,0,0,1,0,0,0,0,1,0,0,1,0,0,0,0,0,0,0,0,0,0,0
53,DTAA/JMC0233,0,0,1,0,1,1,0,0,0,0,1,0,1,1,0,0,0,0,1,0,1,1,0,0,0,0,1,0,1,1,0,0,0,0,1,0,1,1,0,0,0,0,0,0,0,0,0,0,0
54,DTAA/ONB0177,0,0,1,0,0,1,0,0,0,0,1,0,1,1,0,0,0,0,2,0,0,1,0,0,0,0,2,0,0,1,0,0,0,0,1,0,1,1,0,0,0,0,0,0,0,0,0,0,0
55,DTAA/NTO0396,0,0,1,0,0,1,0,0,0,0,1,0,0,1,0,0,0,0,1,0,0,1,0,0,0,0,1,0,0,1,0,0,0,0,1,0,0,1,0,0,0,0,0,0,0,0,0,0,0
56,DTAA/NWG0682,0,0,1,0,0,1,0,0,0,0,1,0,0,1,0,0,0,0,1,0,0,1,0,0,0,0,1,0,0,1,0,0,0,0,1,0,0,1,0,0,0,0,0,0,0,0,0,0,0
57,DTAA/AKH0067,0,0,1,0,0,1,0,0,0,0,1,0,0,1,0,0,0,0,1,0,0,1,0,0,0,0,1,0,0,1,0,0,0,0,1,0,0,1,0,0,0,0,0,0,0,0,0,0,0
58,DTAA/RKC0190,0,0,1,0,0,1,0,0,0,0,1,0,0,1,0,0,0,0,1,0,0,1,0,0,0,0,1,0,0,1,0,0,0,0,1,0,0,1,0,0,0,0,0,0,0,0,0,0,0
59,DTAA/HCR0795,0,0,1,0,0,1,0,0,0,0,1,0,0,1,0,0,0,0,1,0,0,1,0,0,0,0,1,0,0,1,0,0,0,0,1,0,0,1,0,0,0,0,0,0,0,0,0,0,0
60,DTAA/WCN0570,0,0,1,0,0,0,0,1,0,0,1,0,0,0,0,1,0,0,1,0,0,0,0,1,0,0,1,0,0,0,0,1,0,0,1,0,0,0,0,1,0,0,0,0,0,0,0,0,0
61,DTAA/DCB0462,0,0,1,0,1,0,0,1,0,0,2,0,0,0,0,1,0,0,1,0,1,0,0,1,0,0,2,0,0,0,0,1,0,0,2,0,0,0,0,1,0,0,0,0,0,0,0,0,0
62,DTAA/MTC0538,0,0,1,0,0,1,0,0,0,0,1,0,0,1,0,0,0,0,1,0,0,1,0,0,0,0,1,0,0,1,0,0,0,0,1,0,0,1,0,0,0,0,0,0,0,0,0,0,0
63,DTAA/ABH0963,0,0,1,0,0,1,0,0,0,0,1,0,0,1,0,0,0,0,1,0,0,1,0,0,0,0,1,0,0,1,0,0,0,0,1,0,0,1,0,0,0,0,0,0,0,0,0,0,0
64,DTAA/TLV0936,0,0,1,0,0,1,0,0,0,0,1,0,0,1,0,0,0,0,1,0,0,1,0,0,0,0,1,0,0,1,0,0,0,0,1,0,0,1,0,0,0,0,0,0,0,0,0,0,0
65,DTAA/MEV0886,0,0,2,0,0,1,0,0,0,0,1,0,0,1,0,0,0,0,1,0,1,1,0,0,0,0,1,0,0,1,0,0,0,0,2,0,0,1,0,0,0,0,0,0,0,0,0,0,0
66,DTAA/BFV0911,0,0,1,0,0,1,0,0,0,0,1,0,0,1,0,0,0,0,1,0,0,1,0,0,0,0,1,0,0,1,0,0,0,0,1,0,0,1,0,0,0,0,0,0,0,0,0,0,0
67,DTAA/IJJ0342,0,0,1,0,0,1,0,0,0,0,1,0,0,1,0,0,0,0,1,0,0,1,0,0,0,0,1,0,0,1,0,0,0,0,1,0,0,1,0,0,0,0,0,0,0,0,0,0,0
68,DTAA/SLM0781,0,0,1,0,0,0,0,1,0,0,2,0,0,0,0,1,0,0,1,0,0,0,0,1,0,0,2,0,0,0,0,1,0,0,2,0,0,0,0,1,0,0,0,0,0,0,0,0,0
69,DTAA/KBP0188,0,0,1,0,0,1,0,0,0,0,1,0,0,1,0,0,0,0,1,0,0,1,0,0,0,0,1,0,0,1,0,0,0,0,1,0,0,1,0,0,0,0,0,0,0,0,0,0,0
70,DTAA/ROM0419,0,0,1,0,0,1,0,0,0,0,1,0,0,1,0,0,0,0,1,0,0,1,0,0,0,0,1,0,0,1,0,0,0,0,1,0,0,1,0,0,0,0,0,0,0,0,0,0,0
71,DTAA/SCB0529,0,0,1,0,0,0,0,1,0,0,1,0,0,0,0,1,0,0,1,0,0,0,0,1,0,0,1,0,0,0,0,1,0,0,1,0,0,0,0,1,0,0,0,0,0,0,0,0,0
72,DTAA/RLC0442,0,0,1,0,0,1,0,0,0,0,1,0,0,1,0,0,0,0,1,0,0,1,0,0,0,0,1,0,0,1,1,0,0,1,1,0,0,1,0,0,0,0,0,0,0,0,0,0,0
73,DTAA/FIM0668,0,0,1,0,0,1,0,0,0,0,1,0,0,1,0,0,0,0,1,0,0,1,0,0,0,0,1,0,0,1,0,0,0,0,1,0,0,1,0,0,0,0,0,0,0,0,0,0,0
74,DTAA/ALN0201,0,0,1,0,0,0,0,1,0,0,1,0,0,0,0,1,0,0,1,0,0,0,0,1,0,0,1,0,0,0,0,1,0,0,1,0,0,0,0,1,0,0,0,0,0,0,0,0,0
75,DTAA/BNL0480,0,0,1,0,0,1,0,0,0,0,1,0,0,1,0,0,0,0,1,0,0,1,0,0,0,0,1,0,0,1,0,0,0,0,1,0,0,1,0,0,0,0,0,0,0,0,0,0,0
76,DTAA/AKP0173,0,0,1,0,0,1,0,0,0,0,1,0,0,1,0,0,0,0,1,0,0,1,0,0,0,0,1,0,0,1,0,0,0,0,1,0,0,1,0,0,0,0,0,0,0,0,0,0,0
77,DTAA/AID0577,0,0,1,0,0,1,0,0,0,0,1,0,0,1,0,0,0,0,1,0,0,1,0,0,0,0,1,0,0,1,0,0,0,0,1,0,0,1,0,0,0,0,0,0,0,0,0,0,0
78,DTAA/CCB0496,0,0,1,0,1,1,0,0,0,0,1,0,1,1,0,0,0,0,2,0,0,1,0,0,0,0,2,0,0,1,0,0,0,0,2,0,0,1,0,0,0,0,0,0,0,0,0,0,0
79,DTAA/AMA0191,0,0,1,0,1,0,0,1,1,1,2,0,0,0,0,1,0,0,1,0,1,0,0,1,0,0,1,0,1,0,0,1,0,0,1,0,1,0,0,1,0,0,0,0,0,0,0,0,0
80,DTAA/HSM0389,0,0,1,0,1,1,0,0,0,0,1,0,1,1,0,0,0,0,2,0,0,1,0,0,0,0,2,0,0,1,0,0,0,0,2,0,0,1,0,0,0,0,0,0,0,0,0,0,0
81,DTAA/OHA0451,0,0,1,0,0,1,0,0,0,0,1,0,0,1,0,0,0,0,1,0,0,1,0,0,0,0,1,0,0,1,0,0,0,0,1,0,0,1,0,0,0,0,0,0,0,0,0,0,0
82,DTAA/BML0618,0,0,1,0,0,0,0,1,0,0,1,0,0,0,0,1,0,0,1,0,0,0,0,1,0,0,1,0,0,0,0,1,0,0,1,0,0,0,0,1,0,0,0,0,0,0,0,0,0
83,DTAA/RJP0286,0,0,1,0,0,0,0,1,0,0,1,0,0,0,0,1,0,0,1,0,0,0,0,1,0,0,1,0,0,0,0,1,0,0,1,0,0,0,0,1,0,0,0,0,0,0,0,0,0
84,DTAA/ACH0803,0,0,1,0,1,2,0,0,0,0,1,0,0,1,0,0,0,0,1,0,0,1,0,0,0,0,1,0,0,1,0,0,0,0,2,0,0,2,0,0,0,0,0,0,0,0,0,0,0
85,DTAA/TRT0979,0,0,1,0,0,1,0,0,0,0,1,0,0,1,0,0,0,0,1,0,0,1,0,0,0,0,1,0,0,1,0,0,0,0,1,0,0,1,0,0,0,0,0,0,0,0,0,0,0
86,DTAA/JJR0278,0,0,2,0,0,1,0,0,0,0,1,0,0,1,0,0,0,0,1,0,1,1,0,0,0,0,1,0,0,1,0,0,0,0,1,0,2,2,0,0,0,0,0,0,0,0,0,0,0
87,DTAA/CDZ0056,0,0,2,0,1,2,0,0,0,0,3,1,0,1,1,1,0,0,1,0,2,2,0,0,0,0,2,0,0,1,0,0,0,0,1,0,1,1,0,0,0,0,0,0,0,0,0,0,0
88,DTAA/TKH0211,0,0,1,0,0,0,0,1,0,0,2,0,0,0,0,1,0,0,1,0,1,0,0,1,0,0,2,0,0,0,0,1,0,0,1,0,1,0,0,1,1,1,0,0,0,0,0,0,0
89,DTAA/JGS0274,0,0,1,0,0,1,0,0,0,0,1,0,0,1,0,0,0,0,1,0,0,1,0,0,0,0,1,0,0,1,0,0,0,0,1,0,0,1,0,0,0,0,0,0,0,0,0,0,0
90,DTAA/CLK0383,0,0,2,0,0,1,0,0,0,0,1,0,1,1,0,0,0,0,1,0,0,1,0,0,0,0,1,0,1,1,0,0,0,0,1,0,0,1,0,0,0,0,0,0,0,0,0,0,0
91,DTAA/MWJ0837,0,0,1,0,0,1,0,0,0,0,1,0,0,1,0,0,0,0,1,0,0,1,0,0,0,0,1,0,0,1,0,0,0,0,1,0,0,1,0,0,0,0,0,0,0,0,0,0,0
92,DTAA/FLC0811,0,0,1,0,0,1,0,0,0,0,1,0,0,1,0,0,0,0,1,0,0,1,0,0,0,0,1,0,0,1,0,0,0,0,1,0,0,1,0,0,0,0,0,0,0,0,0,0,0
93,DTAA/LND0767,0,0,1,0,0,1,0,0,0,0,1,0,0,1,0,0,0,0,1,0,0,1,0,0,0,0,1,0,0,1,0,0,0,0,1,0,0,1,0,0,0,0,0,0,0,0,0,0,0
94,DTAA/JAM0392,0,0,1,0,1,1,0,0,0,0,1,0,1,1,0,0,0,0,1,0,1,1,0,0,0,0,2,0,0,1,0,0,0,0,1,0,1,1,0,0,0,0,0,0,0,0,0,0,0
95,DTAA/LAT0452,0,0,1,0,0,0,0,1,0,0,1,0,0,0,0,1,0,0,1,0,0,0,0,1,0,0,1,0,0,0,0,1,0,0,1,0,0,0,0,1,0,0,0,0,0,0,0,0,0
96,DTAA/OJH0425,0,0,2,1,1,0,0,1,0,0,1,0,2,1,0,1,0,0,1,0,1,0,0,1,0,0,2,0,0,0,0,1,0,0,2,0,1,1,0,1,0,0,0,0,0,0,0,0,0
97,DTAA/GRC0474,0,0,2,0,0,1,0,0,0,0,2,0,0,1,0,0,0,0,1,0,1,1,0,0,0,0,1,0,1,1,0,0,0,0,1,0,1,1,0,0,0,0,0,0,0,0,0,0,0
98,DTAA/DDW0643,0,0,1,0,1,1,0,0,0,0,2,0,0,1,0,0,0,0,1,0,1,1,0,0,0,0,1,0,1,1,0,0,0,0,1,0,1,1,0,0,0,0,0,0,0,0,0,0,0
99,DTAA/WGL0515,0,0,1,0,0,1,0,0,0,0,1,0,0,1,0,0,0,0,1,0,0,1,0,0,0,0,1,0,0,1,0,0,0,0,1,0,0,1,0,0,0,0,0,0,0,0,0,0,0
100,DTAA/IMW0965,0,0,1,0,0,1,0,0,0,0,1,0,0,1,0,0,0,0,1,0,0,1,0,0,0,0,1,0,0,1,0,0,0,0,1,0,0,1,0,0,0,0,0,0,0,0,0,0,0
101,DTAA/PJL0320,0,0,1,0,1,0,1,1,0,1,1,0,1,0,0,1,0,0,3,1,0,0,0,1,0,0,1,0,1,0,0,1,0,0,1,0,1,0,1,1,0,1,0,0,0,0,0,0,0
102,DTAA/UGW0223,0,0,1,0,0,1,0,0,0,0,1,0,0,1,0,0,0,0,1,0,0,1,0,0,0,0,1,0,0,1,0,0,0,0,1,0,0,1,0,0,0,0,0,0,0,0,0,0,0
103,DTAA/CPM0959,0,0,1,0,0,1,0,0,0,0,1,0,0,1,0,0,0,0,1,0,0,1,0,0,0,0,1,0,0,1,0,0,0,0,1,0,0,1,0,0,0,0,0,0,0,0,0,0,0
104,DTAA/CGM0994,0,0,3,1,2,3,3,4,3,3,6,4,1,2,1,2,2,2,3,2,4,4,2,3,3,3,1,0,0,0,3,4,0,0,4,3,2,2,3,4,0,0,0,0,0,0,0,0,0
105,DTAA/CGT0183,0,0,1,0,0,0,0,1,0,0,1,0,0,0,0,1,0,0,1,0,0,0,0,1,0,0,1,0,0,0,0,1,0,0,1,0,0,0,0,1,0,0,0,0,0,0,0,0,0
106,DTAA/DAW0123,0,0,1,0,0,0,0,1,0,0,1,0,0,0,0,1,0,0,1,0,0,0,0,1,0,0,1,0,0,0,0,1,0,0,1,0,0,0,0,1,0,0,0,0,0,0,0,0,0
107,DTAA/JMS0793,0,0,1,0,0,1,0,0,0,0,1,0,0,1,0,0,0,0,1,0,0,1,0,0,0,0,1,0,0,1,0,0,0,0,1,0,0,1,0,0,0,0,0,0,0,0,0,0,0
108,DTAA/MND0675,0,0,1,0,0,1,0,0,0,0,1,0,0,1,0,0,0,0,1,0,0,1,0,0,0,0,1,0,0,1,0,0,0,0,1,0,0,1,0,0,0,0,0,0,0,0,0,0,0
109,DTAA/BAB0505,0,0,1,0,0,1,0,0,0,0,1,0,0,1,0,0,0,0,1,0,0,1,0,0,0,0,1,0,0,1,0,0,0,0,1,0,0,1,0,0,0,0,0,0,0,0,0,0,0
110,DTAA/RCF0540,0,0,1,0,0,1,0,0,0,0,1,0,0,1,0,0,0,0,1,0,0,1,0,0,0,0,1,0,0,1,0,0,0,0,1,0,0,1,0,0,0,0,0,0,0,0,0,0,0
111,DTAA/SMD0773,0,0,1,0,0,1,0,0,0,0,1,0,0,1,0,0,0,0,1,0,0,1,0,0,0,0,1,0,0,1,0,0,0,0,1,0,0,1,0,0,0,0,0,0,0,0,0,0,0
112,DTAA/ANS0172,0,0,1,0,0,0,0,1,0,0,1,0,0,0,0,1,0,0,1,0,0,0,0,1,0,0,1,0,0,0,0,1,0,0,1,0,0,0,0,1,0,0,0,0,0,0,0,0,0
113,DTAA/IAC0264,0,0,1,0,0,1,0,0,0,0,1,0,0,1,0,0,0,0,1,0,0,1,0,0,0,0,1,0,0,1,0,0,0,0,1,0,0,1,0,0,0,0,0,0,0,0,0,0,0
114,DTAA/KAD0059,0,0,1,0,1,1,0,0,0,0,2,0,0,1,0,0,0,0,1,0,1,1,0,0,1,1,2,0,0,1,0,0,0,0,1,0,0,1,0,0,0,0,0,0,0,0,0,0,0
115,DTAA/GDJ0631,0,0,2,0,0,1,0,0,0,0,1,0,1,1,0,0,0,0,1,0,1,1,0,0,0,0,1,0,1,1,0,0,0,0,2,0,0,1,0,0,0,0,0,0,0,0,0,0,0
116,DTAA/QAM0113,0,0,1,0,0,1,0,0,0,0,1,0,0,1,0,0,0,0,1,0,0,1,0,0,0,0,1,0,0,1,0,0,0,0,1,0,0,1,0,0,0,0,0,0,0,0,0,0,0
117,DTAA/MCR0375,0,0,2,0,0,1,0,0,0,0,1,0,1,1,0,0,0,0,1,0,1,1,0,0,0,0,1,0,0,1,0,0,0,0,1,0,1,1,0,0,0,0,0,0,0,0,0,0,0
118,DTAA/IHF0040,0,0,1,0,0,1,0,0,0,0,1,0,1,1,0,0,0,0,1,0,0,1,0,0,0,0,1,0,1,1,0,0,0,0,2,0,0,1,0,0,0,0,0,0,0,0,0,0,0
119,DTAA/JJB0720,0,0,1,0,0,1,0,0,0,0,1,0,0,1,0,0,0,0,1,0,0,1,0,0,0,0,1,0,0,1,0,0,0,0,1,0,0,1,0,0,0,0,0,0,0,0,0,0,0
120,DTAA/KIN0073,0,0,1,0,0,1,0,0,0,0,1,0,0,1,0,0,0,0,1,0,0,1,0,0,0,0,1,0,0,1,0,0,0,0,1,0,1,2,0,0,0,0,0,0,0,0,0,0,0
121,DTAA/CGM0343,0,0,1,0,2,1,0,1,0,0,2,0,1,1,0,1,0,0,2,0,1,0,0,2,0,0,2,0,0,0,0,1,0,0,1,0,1,0,0,1,0,0,0,0,0,0,0,0,0
122,DTAA/IMB0473,0,0,2,0,0,1,0,0,0,0,1,0,0,1,0,0,0,0,2,0,0,1,0,0,0,0,1,0,0,1,0,0,0,0,1,0,1,1,0,0,0,0,0,0,0,0,0,0,0
123,DTAA/HJP0784,0,0,2,0,0,0,0,1,0,0,2,0,0,0,0,1,0,0,2,0,0,0,0,1,0,0,1,0,1,0,0,1,0,0,1,0,0,0,0,1,0,0,0,0,0,0,0,0,0
124,DTAA/MRL0518,0,0,1,0,0,1,0,0,0,0,1,0,0,1,0,0,0,0,1,0,0,1,0,0,0,0,1,0,0,1,0,0,0,0,1,0,0,1,0,0,0,0,0,0,0,0,0,0,0
125,DTAA/ZKE0662,0,0,1,0,1,0,0,1,0,0,1,0,0,0,0,1,0,0,1,0,1,0,0,1,0,0,1,0,0,0,0,1,0,0,1,0,1,0,0,1,0,0,0,0,0,0,0,0,0
126,DTAA/CCB0366,0,0,1,0,0,0,0,1,0,0,1,0,0,0,0,1,0,0,1,0,0,0,0,1,0,0,1,0,0,0,0,1,0,0,1,0,0,0,0,1,0,0,0,0,0,0,0,0,0
127,DTAA/SHS0608,0,0,1,0,0,1,0,0,0,0,1,0,0,1,0,0,0,0,1,0,0,1,0,0,0,0,1,0,0,1,0,0,0,0,1,0,0,1,0,0,0,0,0,0,0,0,0,0,0
128,DTAA/ALC0244,0,0,1,0,0,1,0,0,0,0,1,0,0,1,0,0,0,0,1,0,0,1,0,0,0,0,1,0,0,1,0,0,0,0,1,0,0,1,0,0,0,0,0,0,0,0,0,0,0
129,DTAA/CEB0718,0,0,1,0,0,1,0,0,0,0,1,0,0,1,0,0,0,0,1,0,0,1,0,0,0,0,1,0,0,1,0,0,0,0,1,0,0,1,0,0,0,0,0,0,0,0,0,0,0
130,DTAA/ATJ0284,0,0,1,0,0,1,0,0,0,0,1,0,0,1,0,0,0,0,1,0,0,1,0,0,0,0,1,0,0,1,0,0,0,0,1,0,0,1,0,0,0,0,0,0,0,0,0,0,0
131,DTAA/USB0641,0,0,1,0,0,0,0,1,0,0,1,0,0,0,0,1,0,0,1,0,0,0,0,1,0,0,1,0,0,0,0,1,0,0,1,0,0,0,0,1,0,0,0,0,0,0,0,0,0
132,DTAA/SAE0683,0,0,1,0,0,1,0,0,0,0,1,0,0,1,0,0,0,0,1,0,0,1,0,0,0,0,1,0,0,1,0,0,0,0,1,0,0,1,0,0,0,0,0,0,0,0,0,0,0
133,DTAA/SHT0953,0,0,1,0,0,1,0,0,0,0,1,0,0,1,0,0,0,0,1,0,0,1,0,0,0,0,1,0,0,1,0,0,0,0,1,0,0,1,0,0,0,0,0,0,0,0,0,0,0
134,DTAA/NNB0443,0,0,2,0,0,1,0,0,0,0,1,0,1,1,0,0,0,0,1,0,0,1,0,0,0,0,1,0,1,1,0,0,0,0,1,0,0,1,0,0,0,0,0,0,0,0,0,0,0
135,DTAA/MHM0988,0,0,1,0,0,1,0,0,0,0,1,0,0,1,0,0,0,0,1,0,0,1,0,0,0,0,1,0,0,1,0,0,0,0,1,0,0,1,0,0,0,0,0,0,0,0,0,0,0
136,DTAA/EAR0695,0,0,1,0,0,1,0,0,0,0,1,0,0,1,0,0,0,0,1,0,0,1,0,0,0,0,1,0,0,1,0,0,0,0,1,0,0,1,0,0,0,0,0,0,0,0,0,0,0
137,DTAA/RDH0117,0,0,1,0,0,0,0,1,0,0,1,0,0,0,0,1,0,0,1,0,0,0,0,1,0,0,1,0,0,0,0,1,0,0,1,0,0,0,0,1,0,0,0,0,0,0,0,0,0
138,DTAA/PRB0568,0,0,1,0,0,1,0,0,0,0,1,0,0,1,0,0,0,0,1,0,0,1,0,0,0,0,1,0,0,1,0,0,0,0,1,0,0,1,0,0,0,0,0,0,0,0,0,0,0
139,DTAA/OSH0281,0,0,1,0,0,1,0,0,0,0,1,0,0,1,0,0,0,0,1,0,0,1,0,0,0,0,1,0,0,1,0,0,0,0,1,0,0,1,0,0,0,0,0,0,0,0,0,0,0
140,DTAA/BIM0736,0,0,1,0,0,0,0,1,0,0,1,0,0,0,0,1,0,0,1,0,0,0,0,1,0,0,1,0,0,0,0,1,0,0,1,0,0,0,0,1,0,0,0,0,0,0,0,0,0
141,DTAA/LBC0422,0,0,1,0,0,1,0,0,0,0,1,0,0,1,0,0,0,0,1,0,0,1,0,0,0,0,1,0,0,1,0,0,0,0,1,0,0,1,0,0,0,0,0,0,0,0,0,0,0
142,DTAA/JRP0458,0,0,1,0,0,1,0,0,0,0,1,0,0,1,0,0,0,0,1,0,0,1,0,0,0,0,1,0,0,1,0,0,0,0,1,0,0,1,0,0,0,0,0,0,0,0,0,0,0
143,DTAA/RKD0255,0,0,1,0,0,1,0,0,0,0,1,0,0,1,0,0,0,0,1,0,0,1,0,0,0,0,1,0,0,1,0,0,0,0,1,0,0,1,0,0,0,0,0,0,0,0,0,0,0
144,DTAA/CBR0439,0,0,2,0,0,0,0,1,0,0,1,0,1,0,0,1,0,0,1,0,1,0,0,1,0,0,2,0,0,0,0,1,0,0,1,0,1,0,0,1,0,0,0,0,0,0,0,0,0
145,DTAA/BPB0808,0,0,2,0,0,1,0,0,0,0,1,0,1,1,0,0,0,0,2,1,1,1,0,0,0,0,1,0,1,1,0,0,0,0,1,0,1,1,0,0,0,0,0,0,0,0,0,0,0
146,DTAA/KSB0673,0,0,1,0,0,1,0,0,0,0,2,0,1,2,0,0,0,0,2,0,0,1,0,0,0,0,2,0,0,1,0,0,0,0,1,0,1,1,0,0,0,0,0,0,0,0,0,0,0
147,DTAA/ERP0254,0,0,1,0,0,1,0,0,0,0,1,0,0,1,0,0,0,0,1,0,0,1,0,0,0,0,1,0,0,1,0,0,0,0,1,0,0,1,0,0,0,0,0,0,0,0,0,0,0
148,DTAA/AFG0122,0,0,1,0,0,1,0,0,0,0,1,0,0,1,0,0,0,0,1,0,0,1,0,0,0,0,1,0,0,1,0,0,0,0,1,0,1,2,0,0,0,0,0,0,0,0,0,0,0
149,DTAA/SKH0467,0,0,1,0,1,1,0,0,0,0,1,0,0,1,0,0,0,0,1,0,1,1,0,0,0,0,1,0,0,1,0,0,0,0,2,0,0,1,0,0,0,0,0,0,0,0,0,0,0
150,DTAA/KLS0717,0,0,1,0,0,1,0,0,0,0,2,0,0,1,0,0,0,0,1,0,1,1,0,0,0,0,2,0,0,1,0,0,0,0,1,0,1,1,0,0,0,0,0,0,0,0,0,0,0
